[
  {
    "id": "879eaddf-4502-458a-9dc3-c6058e5b76ae",
    "data": [
      {
        "text": "light",
        "alias": "Devices",
        "meta": "@Devices",
        "userDefined": false
      },
      {
        "text": " status",
        "userDefined": false
      }
    ],
    "isTemplate": false,
    "count": 0
  },
  {
    "id": "1dc25d8f-4b27-43d2-9272-ede843822e30",
    "data": [
      {
        "text": "Tell me about ",
        "userDefined": false
      },
      {
        "text": "fan",
        "alias": "Devices",
        "meta": "@Devices",
        "userDefined": false
      },
      {
        "text": " status",
        "userDefined": false
      }
    ],
    "isTemplate": false,
    "count": 0
  },
  {
    "id": "6150889b-ec3f-474b-ac4c-b71f9a37f0c0",
    "data": [
      {
        "text": "tell me about the state of ",
        "userDefined": false
      },
      {
        "text": "light",
        "alias": "Devices",
        "meta": "@Devices",
        "userDefined": false
      }
    ],
    "isTemplate": false,
    "count": 0
  },
  {
    "id": "5fff400b-c5cd-4674-b54b-3cbadd136e8a",
    "data": [
      {
        "text": "The ",
        "userDefined": false
      },
      {
        "text": "fan",
        "alias": "Devices",
        "meta": "@Devices",
        "userDefined": false
      },
      {
        "text": " is ",
        "userDefined": false
      },
      {
        "text": "on",
        "meta": "@sys.ignore",
        "userDefined": false
      },
      {
        "text": " or ",
        "userDefined": false
      },
      {
        "text": "off",
        "meta": "@sys.ignore",
        "userDefined": false
      },
      {
        "text": "?",
        "userDefined": false
      }
    ],
    "isTemplate": false,
    "count": 0
  },
  {
    "id": "38cea64b-9d74-406f-b431-f1246c68ed7e",
    "data": [
      {
        "text": "show me ",
        "userDefined": false
      },
      {
        "text": "fan",
        "alias": "Devices",
        "meta": "@Devices",
        "userDefined": false
      },
      {
        "text": " status",
        "userDefined": false
      }
    ],
    "isTemplate": false,
    "count": 0
  }
]