[
  {
    "id": "fb41f0aa-7956-4add-9cd9-bd4c03f46044",
    "data": [
      {
        "text": "not yet",
        "userDefined": false
      }
    ],
    "isTemplate": false,
    "count": 0
  },
  {
    "id": "c0c06381-04ef-4f1e-8962-2f637e71e47d",
    "data": [
      {
        "text": "no",
        "userDefined": false
      }
    ],
    "isTemplate": false,
    "count": 0
  },
  {
    "id": "743d87d5-8d3e-4494-a7b6-ce6e143483d0",
    "data": [
      {
        "text": "Nothing",
        "userDefined": false
      }
    ],
    "isTemplate": false,
    "count": 0
  },
  {
    "id": "769009e7-da81-4321-a14b-0c9c86221ed5",
    "data": [
      {
        "text": "Thank you",
        "userDefined": false
      }
    ],
    "isTemplate": false,
    "count": 0
  },
  {
    "id": "3c2f8ee6-8112-477a-a0b3-728adeb20582",
    "data": [
      {
        "text": "OK!",
        "userDefined": false
      }
    ],
    "isTemplate": false,
    "count": 0
  }
]