[
  {
    "id": "63590604-3be9-42ee-9c2c-56c41d497e45",
    "data": [
      {
        "text": "I feel cold",
        "userDefined": false
      }
    ],
    "isTemplate": false,
    "count": 1
  },
  {
    "id": "7dd447a5-5910-4a56-95e2-3ef02c58ef12",
    "data": [
      {
        "text": "I don\u0027t want to use ",
        "userDefined": false
      },
      {
        "text": "fans",
        "meta": "@sys.ignore",
        "userDefined": false
      },
      {
        "text": " anymore",
        "userDefined": false
      }
    ],
    "isTemplate": false,
    "count": 0
  }
]