[
  {
    "id": "b262b728-da73-480a-b51c-3d440153971f",
    "data": [
      {
        "text": "I can\u0027t see everything clearly",
        "userDefined": false
      }
    ],
    "isTemplate": false,
    "count": 0
  },
  {
    "id": "20ad727c-0837-413a-acc7-229d5b04520f",
    "data": [
      {
        "text": "the sun has set",
        "userDefined": false
      }
    ],
    "isTemplate": false,
    "count": 0
  },
  {
    "id": "7b5dcad2-316a-467c-bf4e-b3a8eb0850d0",
    "data": [
      {
        "text": "The sky is getting dark",
        "userDefined": false
      }
    ],
    "isTemplate": false,
    "count": 0
  }
]