[
  {
    "id": "f09625f0-4147-40d7-81cf-40980707f6f5",
    "data": [
      {
        "text": "The ",
        "userDefined": false
      },
      {
        "text": "light",
        "meta": "@sys.ignore",
        "userDefined": true
      },
      {
        "text": " are darker",
        "userDefined": false
      }
    ],
    "isTemplate": false,
    "count": 0
  },
  {
    "id": "86537434-5d4c-4a8c-9885-9d979bf14dc3",
    "data": [
      {
        "text": "brightness down till ",
        "userDefined": false
      },
      {
        "text": "10%",
        "alias": "percentage",
        "meta": "@sys.percentage",
        "userDefined": false
      }
    ],
    "isTemplate": false,
    "count": 0
  },
  {
    "id": "178525a2-cd2d-4c0a-a7b8-aff72416ffcb",
    "data": [
      {
        "text": "brightness down to ",
        "userDefined": false
      },
      {
        "text": "15%",
        "alias": "percentage",
        "meta": "@sys.percentage",
        "userDefined": false
      }
    ],
    "isTemplate": false,
    "count": 0
  },
  {
    "id": "8fbd2709-9512-4d66-9d45-22bb74f673e4",
    "data": [
      {
        "text": "brightness down",
        "userDefined": false
      }
    ],
    "isTemplate": false,
    "count": 0
  }
]