[
  {
    "id": "e1a230cf-bbd7-4679-a5fd-f781445cf547",
    "data": [
      {
        "text": "68%",
        "alias": "percentage",
        "meta": "@sys.percentage",
        "userDefined": false
      },
      {
        "text": " brightness",
        "userDefined": false
      }
    ],
    "isTemplate": false,
    "count": 0
  },
  {
    "id": "f61fd039-8b9f-40bf-b517-380158c00ca1",
    "data": [
      {
        "text": "brightness ",
        "userDefined": false
      },
      {
        "text": "24%",
        "alias": "percentage",
        "meta": "@sys.percentage",
        "userDefined": false
      }
    ],
    "isTemplate": false,
    "count": 0
  },
  {
    "id": "dec7dae3-1426-4ccc-a99b-fc974c6c894a",
    "data": [
      {
        "text": "turn the ",
        "userDefined": false
      },
      {
        "text": "light",
        "meta": "@sys.ignore",
        "userDefined": false
      },
      {
        "text": " level up till ",
        "userDefined": false
      },
      {
        "text": "5%",
        "alias": "percentage",
        "meta": "@sys.percentage",
        "userDefined": false
      }
    ],
    "isTemplate": false,
    "count": 0
  },
  {
    "id": "e51d41fe-e202-49c3-8b06-a0eb728c69b6",
    "data": [
      {
        "text": "light brightness level up till ",
        "userDefined": false
      },
      {
        "text": "23%",
        "alias": "percentage",
        "meta": "@sys.percentage",
        "userDefined": false
      }
    ],
    "isTemplate": false,
    "count": 0
  },
  {
    "id": "9276332c-475a-4eb0-b6c4-8d888aa9582b",
    "data": [
      {
        "text": "turn the brightness level down till ",
        "userDefined": false
      },
      {
        "text": "23%",
        "alias": "percentage",
        "meta": "@sys.percentage",
        "userDefined": false
      }
    ],
    "isTemplate": false,
    "count": 0
  }
]