[
  {
    "id": "240d82ef-0280-4d01-b2b6-87dde089f565",
    "data": [
      {
        "text": "turn the brightness level up by ",
        "userDefined": false
      },
      {
        "text": "50%",
        "alias": "percentage",
        "meta": "@sys.percentage",
        "userDefined": false
      }
    ],
    "isTemplate": false,
    "count": 0
  },
  {
    "id": "ff88f2b6-f6c4-4505-875b-acbf2bf0b708",
    "data": [
      {
        "text": "brightness up to ",
        "userDefined": false
      },
      {
        "text": "15%",
        "alias": "percentage",
        "meta": "@sys.percentage",
        "userDefined": false
      }
    ],
    "isTemplate": false,
    "count": 0
  },
  {
    "id": "29fad1ec-1f74-4578-98c4-7e848ead2e07",
    "data": [
      {
        "text": "make ",
        "userDefined": false
      },
      {
        "text": "light",
        "meta": "@sys.ignore",
        "userDefined": false
      },
      {
        "text": " brighter for ",
        "userDefined": false
      },
      {
        "text": "20%",
        "alias": "percentage",
        "meta": "@sys.percentage",
        "userDefined": false
      }
    ],
    "isTemplate": false,
    "count": 0
  },
  {
    "id": "bbcdd6ff-2af0-43ad-b1e4-5fe26c1d80e8",
    "data": [
      {
        "text": "make ",
        "userDefined": false
      },
      {
        "text": "light",
        "meta": "@sys.ignore",
        "userDefined": false
      },
      {
        "text": " ",
        "userDefined": false
      },
      {
        "text": "20 %",
        "alias": "percentage",
        "meta": "@sys.percentage",
        "userDefined": false
      },
      {
        "text": " brighter",
        "userDefined": false
      }
    ],
    "isTemplate": false,
    "count": 0
  },
  {
    "id": "b1adf490-5364-4d5a-9382-bcc8311a014b",
    "data": [
      {
        "text": "let the brightness go up",
        "userDefined": false
      }
    ],
    "isTemplate": false,
    "count": 0
  },
  {
    "id": "f41b985f-8b3f-4348-a504-d32d7820b848",
    "data": [
      {
        "text": "turn up the ",
        "userDefined": false
      },
      {
        "text": "light",
        "meta": "@sys.ignore",
        "userDefined": false
      },
      {
        "text": " brightness level",
        "userDefined": false
      }
    ],
    "isTemplate": false,
    "count": 0
  },
  {
    "id": "ff59b500-2782-4cc4-a95f-24fe84655cbb",
    "data": [
      {
        "text": "The lights are too weak",
        "userDefined": false
      }
    ],
    "isTemplate": false,
    "count": 0
  }
]